                  epoch,         train/box_loss,         train/cls_loss,         train/dfl_loss,   metrics/precision(B),      metrics/recall(B),       metrics/mAP50(B),    metrics/mAP50-95(B),           val/box_loss,           val/cls_loss,           val/dfl_loss,                 lr/pg0,                 lr/pg1,                 lr/pg2
                      1,                 1.4225,                 2.0727,                 1.7575,                0.76249,                0.12708,                0.08954,                0.03078,                 2.3143,                 3.1106,                 2.8779,             0.00046922,             0.00046922,             0.00046922
                      2,                 1.3299,                 1.4082,                 1.6788,                 0.7993,                0.18125,                0.15032,                0.06904,                 1.9328,                 2.9086,                 2.7117,             0.00075834,             0.00075834,             0.00075834
                      3,                 1.2929,                 1.3109,                 1.6517,                0.49754,                0.32208,                0.24965,                  0.121,                 1.8468,                 1.9866,                 2.4603,             0.00085882,             0.00085882,             0.00085882
                      4,                 1.2013,                  1.165,                 1.5765,                0.69312,                0.37145,                 0.3871,                0.22548,                 1.3082,                 1.2226,                 1.8656,             0.00058017,             0.00058017,             0.00058017
                      5,                 1.0932,                  1.004,                 1.4826,                 0.8853,                0.48618,                0.52982,                0.30753,                 1.2527,                0.94435,                 1.7175,             0.00029723,             0.00029723,             0.00029723
